periode_data;bulan;tanggal;stasiun;pm_sepuluh;pm_duakomalima;sulfur_dioksida;karbon_monoksida;ozon;nitrogen_dioksida;max;parameter_pencemar_kritis;kategori
202401;1;1;DKI1 Bundaran Hotel Indonesia (HI);64;89;52;9;13;30;89;PM25;SEDANG
202401;1;2;DKI1 Bundaran Hotel Indonesia (HI);53;93;52;4;12;28;93;PM25;SEDANG
202401;1;3;DKI1 Bundaran Hotel Indonesia (HI);52;57;52;6;12;27;57;PM25;SEDANG
202401;1;4;DKI1 Bundaran Hotel Indonesia (HI);30;N/A;112;20;8;77;112;SO2;TIDAK SEHAT
202401;1;5;DKI1 Bundaran Hotel Indonesia (HI);22;54;46;15;24;44;54;PM25;SEDANG
202401;1;6;DKI1 Bundaran Hotel Indonesia (HI);49;68;46;12;38;36;68;PM25;SEDANG
202401;1;7;DKI1 Bundaran Hotel Indonesia (HI);52;77;45;14;34;44;77;PM25;SEDANG
202401;1;8;DKI1 Bundaran Hotel Indonesia (HI);49;52;46;10;27;32;52;PM25;SEDANG
202401;1;9;DKI1 Bundaran Hotel Indonesia (HI);50;62;48;13;25;31;62;PM25;SEDANG
202401;1;10;DKI1 Bundaran Hotel Indonesia (HI);49;66;49;10;34;41;66;PM25;SEDANG
202401;1;11;DKI1 Bundaran Hotel Indonesia (HI);51;58;47;10;24;36;58;PM25;SEDANG
202401;1;12;DKI1 Bundaran Hotel Indonesia (HI);30;26;45;8;18;21;45;SO2;BAIK
202401;1;13;DKI1 Bundaran Hotel Indonesia (HI);34;53;46;8;25;25;53;PM25;SEDANG
202401;1;14;DKI1 Bundaran Hotel Indonesia (HI);39;49;45;6;20;20;49;PM25;BAIK
202401;1;15;DKI1 Bundaran Hotel Indonesia (HI);55;72;47;10;21;30;72;PM25;SEDANG
202401;1;16;DKI1 Bundaran Hotel Indonesia (HI);41;47;48;10;25;24;48;SO2;BAIK
202401;1;17;DKI1 Bundaran Hotel Indonesia (HI);45;54;51;8;16;30;54;PM25;SEDANG
202401;1;18;DKI1 Bundaran Hotel Indonesia (HI);45;58;47;11;14;27;58;PM25;SEDANG
202401;1;19;DKI1 Bundaran Hotel Indonesia (HI);19;31;46;N/A;12;20;46;SO2;BAIK
202401;1;20;DKI1 Bundaran Hotel Indonesia (HI);26;28;44;N/A;17;17;44;SO2;BAIK
202401;1;21;DKI1 Bundaran Hotel Indonesia (HI);36;50;46;6;15;14;50;PM25;BAIK
202401;1;22;DKI1 Bundaran Hotel Indonesia (HI);24;26;44;3;17;11;44;SO2;BAIK
202401;1;23;DKI1 Bundaran Hotel Indonesia (HI);20;38;44;5;15;12;44;SO2;BAIK
202401;1;24;DKI1 Bundaran Hotel Indonesia (HI);31;37;45;8;14;14;45;SO2;BAIK
202401;1;25;DKI1 Bundaran Hotel Indonesia (HI);43;56;48;11;14;22;56;PM25;SEDANG
202401;1;26;DKI1 Bundaran Hotel Indonesia (HI);39;59;48;9;17;26;59;PM25;SEDANG
202401;1;27;DKI1 Bundaran Hotel Indonesia (HI);21;18;45;N/A;17;22;45;SO2;BAIK
202401;1;28;DKI1 Bundaran Hotel Indonesia (HI);35;53;45;13;17;30;53;PM25;SEDANG
202401;1;29;DKI1 Bundaran Hotel Indonesia (HI);30;N/A;44;8;17;28;44;SO2;BAIK
202401;1;30;DKI1 Bundaran Hotel Indonesia (HI);39;67;46;31;14;28;67;PM25;SEDANG
202401;1;31;DKI1 Bundaran Hotel Indonesia (HI);25;49;47;19;24;30;49;PM25;BAIK
202402;2;1;DKI1 Bunderan HI;52;72;49;17;18;37;72;PM25;SEDANG
202402;2;2;DKI1 Bunderan HI;50;62;49;12;19;26;62;PM25;SEDANG
202402;2;3;DKI1 Bunderan HI;33;51;48;10;20;22;51;PM25;SEDANG
202402;2;4;DKI1 Bunderan HI;24;38;46;9;16;14;46;SO2;BAIK
202402;2;5;DKI1 Bunderan HI;38;67;47;13;18;28;67;PM25;SEDANG
202402;2;6;DKI1 Bunderan HI;47;61;47;9;18;32;61;PM25;SEDANG
202402;2;7;DKI1 Bunderan HI;32;49;49;8;15;22;49;PM25;BAIK
202402;2;8;DKI1 Bunderan HI;42;60;47;6;15;20;60;PM25;SEDANG
202402;2;9;DKI1 Bunderan HI;51;72;51;6;21;31;72;PM25;SEDANG
202402;2;10;DKI1 Bunderan HI;46;57;51;7;28;20;57;PM25;SEDANG
202402;2;11;DKI1 Bunderan HI;39;57;50;9;23;23;57;PM25;SEDANG
202402;2;12;DKI1 Bunderan HI;33;54;50;7;25;23;54;PM25;SEDANG
202402;2;13;DKI1 Bunderan HI;39;52;51;7;26;28;52;PM25;SEDANG
202402;2;14;DKI1 Bunderan HI;25;38;52;8;26;24;52;SO2;SEDANG
202402;2;15;DKI1 Bunderan HI;35;55;N/A;18;22;29;55;PM25;SEDANG
202402;2;16;DKI1 Bunderan HI;57;73;20;28;20;40;73;PM25;SEDANG
202402;2;17;DKI1 Bunderan HI;36;50;16;21;23;23;50;PM25;BAIK
202402;2;18;DKI1 Bunderan HI;38;55;15;20;24;26;55;PM25;SEDANG
202402;2;19;DKI1 Bunderan HI;46;66;16;24;14;39;66;PM25;SEDANG
202402;2;20;DKI1 Bunderan HI;42;61;16;21;21;31;61;PM25;SEDANG
202402;2;21;DKI1 Bunderan HI;52;73;20;32;24;37;73;PM25;SEDANG
202402;2;22;DKI1 Bunderan HI;56;73;19;22;23;35;73;PM25;SEDANG
202402;2;23;DKI1 Bunderan HI;38;56;16;20;23;29;56;PM25;SEDANG
202402;2;24;DKI1 Bunderan HI;38;57;20;20;12;19;57;PM25;SEDANG
202402;2;25;DKI1 Bunderan HI;26;37;20;16;22;19;37;PM25;BAIK
202402;2;26;DKI1 Bunderan HI;25;42;13;17;18;24;42;PM25;BAIK
202402;2;27;DKI1 Bunderan HI;44;63;14;25;16;32;63;PM25;SEDANG
202402;2;28;DKI1 Bunderan HI;43;59;14;21;13;31;59;PM25;SEDANG
202402;2;29;DKI1 Bunderan HI;33;44;13;22;14;29;44;PM25;BAIK
202403;3;30;DKI1 Bundaran Hotel Indonesia (HI);56;75;16;21;29;44;75;PM25;SEDANG
202403;3;31;DKI1 Bundaran Hotel Indonesia (HI);53;79;12;23;32;41;79;PM25;SEDANG
202403;3;1;DKI1 Bundaran Hotel Indonesia (HI);45;62;14;30;23;37;62;PM25;SEDANG
202403;3;2;DKI1 Bundaran Hotel Indonesia (HI);43;64;17;22;15;37;64;PM25;SEDANG
202403;3;3;DKI1 Bundaran Hotel Indonesia (HI);33;51;17;20;22;27;51;PM25;SEDANG
202403;3;4;DKI1 Bundaran Hotel Indonesia (HI);34;54;14;19;20;25;54;PM25;SEDANG
202403;3;5;DKI1 Bundaran Hotel Indonesia (HI);24;43;13;19;20;22;43;PM25;BAIK
202403;3;6;DKI1 Bundaran Hotel Indonesia (HI);25;38;15;17;17;21;38;PM25;BAIK
202403;3;7;DKI1 Bundaran Hotel Indonesia (HI);23;35;14;17;20;21;35;PM25;BAIK
202403;3;8;DKI1 Bundaran Hotel Indonesia (HI);19;34;13;15;22;15;34;PM25;BAIK
202403;3;9;DKI1 Bundaran Hotel Indonesia (HI);29;30;17;17;19;21;30;PM25;BAIK
202403;3;10;DKI1 Bundaran Hotel Indonesia (HI);53;72;17;27;20;35;72;PM25;SEDANG
202403;3;11;DKI1 Bundaran Hotel Indonesia (HI);35;47;12;17;14;21;47;PM25;BAIK
202403;3;12;DKI1 Bundaran Hotel Indonesia (HI);31;50;11;13;21;19;50;PM25;BAIK
202403;3;13;DKI1 Bundaran Hotel Indonesia (HI);42;60;14;15;19;25;60;PM25;SEDANG
202403;3;14;DKI1 Bundaran Hotel Indonesia (HI);36;52;12;17;17;29;52;PM25;SEDANG
202403;3;15;DKI1 Bundaran Hotel Indonesia (HI);32;44;15;16;22;22;44;PM25;BAIK
202403;3;16;DKI1 Bundaran Hotel Indonesia (HI);23;27;13;13;23;20;27;PM25;BAIK
202403;3;17;DKI1 Bundaran Hotel Indonesia (HI);24;37;14;12;21;16;37;PM25;BAIK
202403;3;18;DKI1 Bundaran Hotel Indonesia (HI);22;35;16;11;20;17;35;PM25;BAIK
202403;3;19;DKI1 Bundaran Hotel Indonesia (HI);29;47;14;13;18;18;47;PM25;BAIK
202403;3;20;DKI1 Bundaran Hotel Indonesia (HI);27;47;13;17;10;16;47;PM25;BAIK
202403;3;21;DKI1 Bundaran Hotel Indonesia (HI);28;51;18;16;11;18;51;PM25;SEDANG
202403;3;22;DKI1 Bundaran Hotel Indonesia (HI);24;28;10;17;17;26;28;PM25;BAIK
202403;3;23;DKI1 Bundaran Hotel Indonesia (HI);63;100;15;31;30;47;100;PM25;SEDANG
202403;3;24;DKI1 Bundaran Hotel Indonesia (HI);52;71;13;15;38;30;71;PM25;SEDANG
202403;3;25;DKI1 Bundaran Hotel Indonesia (HI);44;64;13;16;25;39;64;PM25;SEDANG
202403;3;26;DKI1 Bundaran Hotel Indonesia (HI);52;73;13;21;25;37;73;PM25;SEDANG
202403;3;27;DKI1 Bundaran Hotel Indonesia (HI);57;77;13;22;17;43;77;PM25;SEDANG
202403;3;28;DKI1 Bundaran Hotel Indonesia (HI);62;92;19;22;33;45;92;PM25;SEDANG
202403;3;29;DKI1 Bundaran Hotel Indonesia (HI);62;90;16;19;35;50;90;PM25;SEDANG
202404;4;1;DKI1 Bunderan HI;63;96;11;26;27;52;96;PM25;SEDANG
202404;4;2;DKI1 Bunderan HI;67;97;14;28;28;62;97;PM25;SEDANG
202404;4;3;DKI1 Bunderan HI;62;78;13;25;24;52;78;PM25;SEDANG
202404;4;4;DKI1 Bunderan HI;48;63;12;30;24;51;63;PM25;SEDANG
202404;4;5;DKI1 Bunderan HI;67;102;13;34;26;58;102;PM25;TIDAK SEHAT
202404;4;6;DKI1 Bunderan HI;58;83;15;28;29;39;83;PM25;SEDANG
202404;4;7;DKI1 Bunderan HI;48;68;12;22;36;34;68;PM25;SEDANG
202404;4;8;DKI1 Bunderan HI;50;65;13;19;44;31;65;PM25;SEDANG
202404;4;9;DKI1 Bunderan HI;40;62;15;20;34;24;62;PM25;SEDANG
202404;4;10;DKI1 Bunderan HI;55;76;14;26;37;34;76;PM25;SEDANG
202404;4;11;DKI1 Bunderan HI;40;54;10;18;31;26;54;PM25;SEDANG
202404;4;12;DKI1 Bunderan HI;24;45;9;15;30;24;45;PM25;BAIK
202404;4;13;DKI1 Bunderan HI;33;53;10;20;31;29;53;PM25;SEDANG
202404;4;14;DKI1 Bunderan HI;27;47;9;17;34;23;47;PM25;BAIK
202404;4;15;DKI1 Bunderan HI;27;46;9;19;27;25;46;PM25;BAIK
202404;4;16;DKI1 Bunderan HI;32;52;13;17;25;20;52;PM25;SEDANG
202404;4;17;DKI1 Bunderan HI;46;69;12;21;35;32;69;PM25;SEDANG
202404;4;18;DKI1 Bunderan HI;44;60;11;24;33;37;60;PM25;SEDANG
202404;4;19;DKI1 Bunderan HI;41;60;14;21;25;38;60;PM25;SEDANG
202404;4;20;DKI1 Bunderan HI;57;77;20;22;24;33;77;PM25;SEDANG
202404;4;21;DKI1 Bunderan HI;40;52;13;18;24;25;52;PM25;SEDANG
202404;4;22;DKI1 Bunderan HI;53;71;13;22;23;40;71;PM25;SEDANG
202404;4;23;DKI1 Bunderan HI;52;70;14;25;17;41;70;PM25;SEDANG
202404;4;24;DKI1 Bunderan HI;50;71;13;25;22;49;71;PM25;SEDANG
202404;4;25;DKI1 Bunderan HI;52;69;11;23;31;51;69;PM25;SEDANG
202404;4;26;DKI1 Bunderan HI;41;58;13;19;26;35;58;PM25;SEDANG
202404;4;27;DKI1 Bunderan HI;53;73;19;22;20;34;73;PM25;SEDANG
202404;4;28;DKI1 Bunderan HI;51;74;13;25;28;34;74;PM25;SEDANG
202404;4;29;DKI1 Bunderan HI;50;65;13;17;28;28;65;PM25;SEDANG
202404;4;30;DKI1 Bunderan HI;53;70;16;18;27;33;70;PM25;SEDANG
202405;5;1;DKI1 Bunderan HI;47;63;15;19;26;34;63;PM25;SEDANG
202405;5;2;DKI1 Bunderan HI;54;75;14;18;27;30;75;PM25;SEDANG
202405;5;3;DKI1 Bunderan HI;58;85;13;24;30;43;85;PM25;SEDANG
202405;5;4;DKI1 Bunderan HI;62;87;14;24;25;50;87;PM25;SEDANG
202405;5;5;DKI1 Bunderan HI;60;88;14;27;22;47;88;PM25;SEDANG
202405;5;6;DKI1 Bunderan HI;59;82;15;18;26;38;82;PM25;SEDANG
202405;5;7;DKI1 Bunderan HI;64;92;16;20;23;42;92;PM25;SEDANG
202405;5;8;DKI1 Bunderan HI;63;87;19;18;20;47;87;PM25;SEDANG
202405;5;9;DKI1 Bunderan HI;62;93;16;18;22;44;93;PM25;SEDANG
202405;5;10;DKI1 Bunderan HI;56;84;19;12;30;27;84;PM25;SEDANG
202405;5;11;DKI1 Bunderan HI;52;74;18;11;28;27;74;PM25;SEDANG
202405;5;12;DKI1 Bunderan HI;53;75;18;10;28;27;75;PM25;SEDANG
202405;5;13;DKI1 Bunderan HI;52;64;16;8;25;25;64;PM25;SEDANG
202405;5;14;DKI1 Bunderan HI;61;85;18;10;28;39;85;PM25;SEDANG
202405;5;15;DKI1 Bunderan HI;62;78;14;20;26;40;78;PM25;SEDANG
202405;5;16;DKI1 Bunderan HI;65;98;19;17;28;40;98;PM25;SEDANG
202405;5;17;DKI1 Bunderan HI;64;86;17;17;21;39;86;PM25;SEDANG
202405;5;18;DKI1 Bunderan HI;67;97;18;20;18;48;97;PM25;SEDANG
202405;5;19;DKI1 Bunderan HI;63;92;15;17;25;36;92;PM25;SEDANG
202405;5;20;DKI1 Bunderan HI;65;91;17;15;26;32;91;PM25;SEDANG
202405;5;21;DKI1 Bunderan HI;62;97;25;14;23;45;97;PM25;SEDANG
202405;5;22;DKI1 Bunderan HI;65;92;20;12;24;37;92;PM25;SEDANG
202405;5;23;DKI1 Bunderan HI;59;78;20;11;22;32;78;PM25;SEDANG
202405;5;24;DKI1 Bunderan HI;60;74;16;13;19;30;74;PM25;SEDANG
202405;5;25;DKI1 Bunderan HI;39;53;12;15;16;30;53;PM25;SEDANG
202405;5;26;DKI1 Bunderan HI;61;82;26;21;19;38;82;PM25;SEDANG
202405;5;27;DKI1 Bunderan HI;64;92;22;15;25;39;92;PM25;SEDANG
202405;5;28;DKI1 Bunderan HI;67;100;18;14;29;42;100;PM25;SEDANG
202405;5;29;DKI1 Bunderan HI;64;86;19;10;32;36;86;PM25;SEDANG
202405;5;30;DKI1 Bunderan HI;59;85;19;8;29;38;85;PM25;SEDANG
202405;5;31;DKI1 Bunderan HI;70;101;17;10;27;44;101;PM25;TIDAK SEHAT
202406;6;1;DKI1 Bundaran Hotel Indonesia (HI);73;102;16;8;22;48;102;PM25;TIDAK SEHAT
202406;6;2;DKI1 Bundaran Hotel Indonesia (HI);67;95;14;5;24;45;95;PM25;SEDANG
202406;6;3;DKI1 Bundaran Hotel Indonesia (HI);50;61;11;5;24;40;61;PM25;SEDANG
202406;6;4;DKI1 Bundaran Hotel Indonesia (HI);58;76;14;5;26;44;76;PM25;SEDANG
202406;6;5;DKI1 Bundaran Hotel Indonesia (HI);63;88;17;6;27;51;88;PM25;SEDANG
202406;6;6;DKI1 Bundaran Hotel Indonesia (HI);55;77;16;5;16;42;77;PM25;SEDANG
202406;6;7;DKI1 Bundaran Hotel Indonesia (HI);58;82;16;N/A;24;41;82;PM25;SEDANG
202406;6;8;DKI1 Bundaran Hotel Indonesia (HI);62;88;16;25;22;40;88;PM25;SEDANG
202406;6;9;DKI1 Bundaran Hotel Indonesia (HI);63;87;18;23;27;32;87;PM25;SEDANG
202406;6;10;DKI1 Bundaran Hotel Indonesia (HI);69;99;14;34;19;50;99;PM25;SEDANG
202406;6;11;DKI1 Bundaran Hotel Indonesia (HI);60;79;18;26;31;37;79;PM25;SEDANG
202406;6;12;DKI1 Bundaran Hotel Indonesia (HI);58;76;12;35;26;51;76;PM25;SEDANG
202406;6;13;DKI1 Bundaran Hotel Indonesia (HI);49;61;16;30;21;36;61;PM25;SEDANG
202406;6;14;DKI1 Bundaran Hotel Indonesia (HI);52;66;18;25;23;33;66;PM25;SEDANG
202406;6;15;DKI1 Bundaran Hotel Indonesia (HI);50;69;14;28;33;38;69;PM25;SEDANG
202406;6;16;DKI1 Bundaran Hotel Indonesia (HI);54;73;9;26;41;42;73;PM25;SEDANG
202406;6;17;DKI1 Bundaran Hotel Indonesia (HI);53;72;11;27;32;32;72;PM25;SEDANG
202406;6;18;DKI1 Bundaran Hotel Indonesia (HI);63;98;13;24;33;30;98;PM25;SEDANG
202406;6;19;DKI1 Bundaran Hotel Indonesia (HI);67;93;15;30;27;46;93;PM25;SEDANG
202406;6;20;DKI1 Bundaran Hotel Indonesia (HI);62;87;16;25;24;37;87;PM25;SEDANG
202406;6;21;DKI1 Bundaran Hotel Indonesia (HI);62;89;16;26;26;43;89;PM25;SEDANG
202406;6;22;DKI1 Bundaran Hotel Indonesia (HI);63;90;15;25;30;41;90;PM25;SEDANG
202406;6;23;DKI1 Bundaran Hotel Indonesia (HI);63;89;17;25;27;35;89;PM25;SEDANG
202406;6;24;DKI1 Bundaran Hotel Indonesia (HI);57;85;15;26;20;40;85;PM25;SEDANG
202406;6;25;DKI1 Bundaran Hotel Indonesia (HI);58;76;20;26;20;34;76;PM25;SEDANG
202406;6;26;DKI1 Bundaran Hotel Indonesia (HI);51;65;13;30;23;29;65;PM25;SEDANG
202406;6;27;DKI1 Bundaran Hotel Indonesia (HI);56;74;14;25;23;32;74;PM25;SEDANG
202406;6;28;DKI1 Bundaran Hotel Indonesia (HI);53;67;12;27;24;33;67;PM25;SEDANG
202406;6;29;DKI1 Bundaran Hotel Indonesia (HI);52;74;11;34;22;34;74;PM25;SEDANG
202406;6;30;DKI1 Bundaran Hotel Indonesia (HI);41;58;10;24;23;33;58;PM25;SEDANG
202407;7;1;DKI1 Bundaran Hotel Indonesia (HI);62;90;11;28;31;41;90;PM25;SEDANG
202407;7;2;DKI1 Bundaran Hotel Indonesia (HI);55;74;9;26;25;38;74;PM25;SEDANG
202407;7;3;DKI1 Bundaran Hotel Indonesia (HI);69;103;12;38;29;51;103;PM25;TIDAK SEHAT
202407;7;4;DKI1 Bundaran Hotel Indonesia (HI);58;78;9;36;26;52;78;PM25;SEDANG
202407;7;5;DKI1 Bundaran Hotel Indonesia (HI);53;66;10;28;21;41;66;PM25;SEDANG
202407;7;6;DKI1 Bundaran Hotel Indonesia (HI);30;38;8;24;15;24;38;PM25;BAIK
202407;7;7;DKI1 Bundaran Hotel Indonesia (HI);24;41;8;24;24;26;41;PM25;BAIK
202407;7;8;DKI1 Bundaran Hotel Indonesia (HI);31;53;11;23;24;30;53;PM25;SEDANG
202407;7;9;DKI1 Bundaran Hotel Indonesia (HI);43;66;8;31;28;49;66;PM25;SEDANG
202407;7;10;DKI1 Bundaran Hotel Indonesia (HI);55;77;11;24;32;37;77;PM25;SEDANG
202407;7;11;DKI1 Bundaran Hotel Indonesia (HI);64;94;13;32;25;50;94;PM25;SEDANG
202407;7;12;DKI1 Bundaran Hotel Indonesia (HI);60;86;11;26;35;43;86;PM25;SEDANG
202407;7;13;DKI1 Bundaran Hotel Indonesia (HI);66;93;15;30;23;50;93;PM25;SEDANG
202407;7;14;DKI1 Bundaran Hotel Indonesia (HI);59;83;12;27;26;41;83;PM25;SEDANG
202407;7;15;DKI1 Bundaran Hotel Indonesia (HI);58;85;15;25;28;40;85;PM25;SEDANG
202407;7;16;DKI1 Bundaran Hotel Indonesia (HI);58;92;13;27;28;49;92;PM25;SEDANG
202407;7;17;DKI1 Bundaran Hotel Indonesia (HI);59;88;17;26;20;45;88;PM25;SEDANG
202407;7;18;DKI1 Bundaran Hotel Indonesia (HI);63;91;17;25;27;40;91;PM25;SEDANG
202407;7;19;DKI1 Bundaran Hotel Indonesia (HI);58;84;15;25;23;38;84;PM25;SEDANG
202407;7;20;DKI1 Bundaran Hotel Indonesia (HI);60;84;17;24;24;38;84;PM25;SEDANG
202407;7;21;DKI1 Bundaran Hotel Indonesia (HI);59;87;13;24;26;35;87;PM25;SEDANG
202407;7;22;DKI1 Bundaran Hotel Indonesia (HI);59;79;12;24;29;38;79;PM25;SEDANG
202407;7;23;DKI1 Bundaran Hotel Indonesia (HI);63;92;16;25;33;41;92;PM25;SEDANG
202407;7;24;DKI1 Bundaran Hotel Indonesia (HI);75;99;23;27;27;44;99;PM25;SEDANG
202407;7;25;DKI1 Bundaran Hotel Indonesia (HI);61;83;16;26;28;43;83;PM25;SEDANG
202407;7;26;DKI1 Bundaran Hotel Indonesia (HI);59;84;15;27;15;42;84;PM25;SEDANG
202407;7;27;DKI1 Bundaran Hotel Indonesia (HI);64;94;17;24;18;37;94;PM25;SEDANG
202407;7;28;DKI1 Bundaran Hotel Indonesia (HI);64;102;16;24;29;33;102;PM25;TIDAK SEHAT
202407;7;29;DKI1 Bundaran Hotel Indonesia (HI);63;90;15;23;25;33;90;PM25;SEDANG
202407;7;30;DKI1 Bundaran Hotel Indonesia (HI);63;96;16;26;20;44;96;PM25;SEDANG
202407;7;31;DKI1 Bundaran Hotel Indonesia (HI);69;105;16;27;21;49;105;PM25;TIDAK SEHAT
202408;8;1;DKI1 Bundaran Hotel Indonesia (HI);68;103;13;28;26;44;103;PM25;TIDAK SEHAT
202408;8;2;DKI1 Bundaran Hotel Indonesia (HI);60;85;11;27;37;44;85;PM25;SEDANG
202408;8;3;DKI1 Bundaran Hotel Indonesia (HI);47;64;10;28;26;45;64;PM25;SEDANG
202408;8;4;DKI1 Bundaran Hotel Indonesia (HI);50;74;10;29;29;39;74;PM25;SEDANG
202408;8;5;DKI1 Bundaran Hotel Indonesia (HI);53;78;10;26;23;37;78;PM25;SEDANG
202408;8;6;DKI1 Bundaran Hotel Indonesia (HI);53;75;16;24;21;42;75;PM25;SEDANG
202408;8;7;DKI1 Bundaran Hotel Indonesia (HI);62;91;13;26;27;42;91;PM25;SEDANG
202408;8;8;DKI1 Bundaran Hotel Indonesia (HI);64;96;16;28;23;42;96;PM25;SEDANG
202408;8;9;DKI1 Bundaran Hotel Indonesia (HI);61;91;15;25;19;33;91;PM25;SEDANG
202408;8;10;DKI1 Bundaran Hotel Indonesia (HI);55;81;15;23;21;35;81;PM25;SEDANG
202408;8;11;DKI1 Bundaran Hotel Indonesia (HI);56;77;12;22;28;28;77;PM25;SEDANG
202408;8;12;DKI1 Bundaran Hotel Indonesia (HI);54;78;12;23;24;30;78;PM25;SEDANG
202408;8;13;DKI1 Bundaran Hotel Indonesia (HI);62;93;19;26;25;44;93;PM25;SEDANG
202408;8;14;DKI1 Bundaran Hotel Indonesia (HI);62;93;17;26;27;43;93;PM25;SEDANG
202408;8;15;DKI1 Bundaran Hotel Indonesia (HI);63;90;14;26;38;38;90;PM25;SEDANG
202408;8;16;DKI1 Bundaran Hotel Indonesia (HI);64;91;15;28;33;48;91;PM25;SEDANG
202408;8;17;DKI1 Bundaran Hotel Indonesia (HI);65;92;15;25;31;44;92;PM25;SEDANG
202408;8;18;DKI1 Bundaran Hotel Indonesia (HI);62;93;13;23;30;32;93;PM25;SEDANG
202408;8;19;DKI1 Bundaran Hotel Indonesia (HI);60;86;13;24;32;38;86;PM25;SEDANG
202408;8;20;DKI1 Bundaran Hotel Indonesia (HI);64;93;14;26;27;46;93;PM25;SEDANG
202408;8;21;DKI1 Bundaran Hotel Indonesia (HI);67;96;17;27;27;47;96;PM25;SEDANG
202408;8;22;DKI1 Bundaran Hotel Indonesia (HI);63;84;19;25;26;40;84;PM25;SEDANG
202408;8;23;DKI1 Bundaran Hotel Indonesia (HI);56;77;12;23;28;32;77;PM25;SEDANG
202408;8;24;DKI1 Bundaran Hotel Indonesia (HI);62;98;13;27;24;43;98;PM25;SEDANG
202408;8;25;DKI1 Bundaran Hotel Indonesia (HI);66;90;13;25;28;37;90;PM25;SEDANG
202408;8;26;DKI1 Bundaran Hotel Indonesia (HI);55;78;13;24;28;39;78;PM25;SEDANG
202408;8;27;DKI1 Bundaran Hotel Indonesia (HI);69;106;14;30;36;50;106;PM25;TIDAK SEHAT
202408;8;28;DKI1 Bundaran Hotel Indonesia (HI);62;86;14;24;33;41;86;PM25;SEDANG
202408;8;29;DKI1 Bundaran Hotel Indonesia (HI);65;98;14;26;41;42;98;PM25;SEDANG
202408;8;30;DKI1 Bundaran Hotel Indonesia (HI);68;98;15;28;30;46;98;PM25;SEDANG
202408;8;31;DKI1 Bundaran Hotel Indonesia (HI);56;75;14;25;24;40;75;PM25;SEDANG
202409;9;1;DKI1 Bundaran Hotel Indonesia (HI);54;72;12;22;27;32;72;PM25;SEDANG
202409;9;2;DKI1 Bundaran Hotel Indonesia (HI);52;70;10;22;35;36;70;PM25;SEDANG
202409;9;3;DKI1 Bundaran Hotel Indonesia (HI);55;79;10;28;23;44;79;PM25;SEDANG
202409;9;4;DKI1 Bundaran Hotel Indonesia (HI);58;83;11;24;35;35;83;PM25;SEDANG
202409;9;5;DKI1 Bundaran Hotel Indonesia (HI);52;71;12;24;18;33;71;PM25;SEDANG
202409;9;6;DKI1 Bundaran Hotel Indonesia (HI);56;86;14;26;20;40;86;PM25;SEDANG
202409;9;7;DKI1 Bundaran Hotel Indonesia (HI);54;79;12;22;25;26;79;PM25;SEDANG
202409;9;8;DKI1 Bundaran Hotel Indonesia (HI);54;84;13;22;21;26;84;PM25;SEDANG
202409;9;9;DKI1 Bundaran Hotel Indonesia (HI);48;65;12;22;21;26;65;PM25;SEDANG
202409;9;10;DKI1 Bundaran Hotel Indonesia (HI);51;70;10;33;19;43;70;PM25;SEDANG
202409;9;11;DKI1 Bundaran Hotel Indonesia (HI);39;58;12;23;26;33;58;PM25;SEDANG
202409;9;12;DKI1 Bundaran Hotel Indonesia (HI);64;89;15;27;41;39;89;PM25;SEDANG
202409;9;13;DKI1 Bundaran Hotel Indonesia (HI);53;74;10;29;36;44;74;PM25;SEDANG
202409;9;14;DKI1 Bundaran Hotel Indonesia (HI);57;85;11;25;42;41;85;PM25;SEDANG
202409;9;15;DKI1 Bundaran Hotel Indonesia (HI);60;86;12;27;38;35;86;PM25;SEDANG
202409;9;16;DKI1 Bundaran Hotel Indonesia (HI);60;86;12;24;38;33;86;PM25;SEDANG
202409;9;17;DKI1 Bundaran Hotel Indonesia (HI);55;79;14;24;40;37;79;PM25;SEDANG
202409;9;18;DKI1 Bundaran Hotel Indonesia (HI);52;76;16;24;36;34;76;PM25;SEDANG
202409;9;19;DKI1 Bundaran Hotel Indonesia (HI);61;83;15;27;37;46;83;PM25;SEDANG
202409;9;20;DKI1 Bundaran Hotel Indonesia (HI);59;88;15;24;34;45;88;PM25;SEDANG
202409;9;21;DKI1 Bundaran Hotel Indonesia (HI);61;94;14;25;36;39;94;PM25;SEDANG
202409;9;22;DKI1 Bundaran Hotel Indonesia (HI);66;101;15;23;35;33;101;PM25;TIDAK SEHAT
202409;9;23;DKI1 Bundaran Hotel Indonesia (HI);59;87;15;24;25;37;87;PM25;SEDANG
202409;9;24;DKI1 Bundaran Hotel Indonesia (HI);56;74;15;24;33;31;74;PM25;SEDANG
202409;9;25;DKI1 Bundaran Hotel Indonesia (HI);62;89;10;33;25;51;89;PM25;SEDANG
202409;9;26;DKI1 Bundaran Hotel Indonesia (HI);57;71;10;29;22;48;71;PM25;SEDANG
202409;9;27;DKI1 Bundaran Hotel Indonesia (HI);51;70;10;27;25;41;70;PM25;SEDANG
202409;9;28;DKI1 Bundaran Hotel Indonesia (HI);56;85;13;28;24;37;85;PM25;SEDANG
202409;9;29;DKI1 Bundaran Hotel Indonesia (HI);60;89;12;32;20;39;89;PM25;SEDANG
202409;9;30;DKI1 Bundaran Hotel Indonesia (HI);51;70;13;25;15;40;70;PM25;SEDANG
202410;10;1;DKI1 Bundaran Hotel Indonesia (HI);63;91;13;29;24;46;91;PM25;SEDANG
202410;10;2;DKI1 Bundaran Hotel Indonesia (HI);61;85;13;27;23;52;85;PM25;SEDANG
202410;10;3;DKI1 Bundaran Hotel Indonesia (HI);61;90;13;29;20;44;90;PM25;SEDANG
202410;10;4;DKI1 Bundaran Hotel Indonesia (HI);59;82;16;26;21;40;82;PM25;SEDANG
202410;10;5;DKI1 Bundaran Hotel Indonesia (HI);56;80;12;30;19;46;80;PM25;SEDANG
202410;10;6;DKI1 Bundaran Hotel Indonesia (HI);52;73;10;27;27;40;73;PM25;SEDANG
202410;10;7;DKI1 Bundaran Hotel Indonesia (HI);72;108;16;31;24;48;108;PM25;TIDAK SEHAT
202410;10;8;DKI1 Bundaran Hotel Indonesia (HI);55;76;16;25;21;40;76;PM25;SEDANG
202410;10;9;DKI1 Bundaran Hotel Indonesia (HI);55;76;13;26;24;41;76;PM25;SEDANG
202410;10;10;DKI1 Bundaran Hotel Indonesia (HI);60;86;14;27;26;43;86;PM25;SEDANG
202410;10;11;DKI1 Bundaran Hotel Indonesia (HI);60;83;15;28;18;47;83;PM25;SEDANG
202410;10;12;DKI1 Bundaran Hotel Indonesia (HI);58;77;16;24;22;34;77;PM25;SEDANG
202410;10;13;DKI1 Bundaran Hotel Indonesia (HI);63;92;11;27;26;33;92;PM25;SEDANG
202410;10;14;DKI1 Bundaran Hotel Indonesia (HI);61;86;12;26;31;37;86;PM25;SEDANG
202410;10;15;DKI1 Bundaran Hotel Indonesia (HI);53;71;13;24;35;40;71;PM25;SEDANG
202410;10;16;DKI1 Bundaran Hotel Indonesia (HI);69;94;15;30;33;48;94;PM25;SEDANG
202410;10;17;DKI1 Bundaran Hotel Indonesia (HI);59;70;14;26;32;44;70;PM25;SEDANG
202410;10;18;DKI1 Bundaran Hotel Indonesia (HI);55;73;13;25;36;40;73;PM25;SEDANG
202410;10;19;DKI1 Bundaran Hotel Indonesia (HI);65;82;14;26;39;37;82;PM25;SEDANG
202410;10;20;DKI1 Bundaran Hotel Indonesia (HI);61;82;14;36;20;34;82;PM25;SEDANG
202410;10;21;DKI1 Bundaran Hotel Indonesia (HI);51;82;12;23;28;32;82;PM25;SEDANG
202410;10;22;DKI1 Bundaran Hotel Indonesia (HI);64;94;14;28;32;51;94;PM25;SEDANG
202410;10;23;DKI1 Bundaran Hotel Indonesia (HI);57;84;12;24;40;38;84;PM25;SEDANG
202410;10;24;DKI1 Bundaran Hotel Indonesia (HI);52;78;10;23;34;35;78;PM25;SEDANG
202410;10;25;DKI1 Bundaran Hotel Indonesia (HI);52;73;9;26;40;45;73;PM25;SEDANG
202410;10;26;DKI1 Bundaran Hotel Indonesia (HI);57;76;8;26;29;40;76;PM25;SEDANG
202410;10;27;DKI1 Bundaran Hotel Indonesia (HI);54;78;19;23;34;31;78;PM25;SEDANG
202410;10;28;DKI1 Bundaran Hotel Indonesia (HI);60;83;10;26;37;36;83;PM25;SEDANG
202410;10;29;DKI1 Bundaran Hotel Indonesia (HI);59;75;11;28;29;41;75;PM25;SEDANG
202410;10;30;DKI1 Bundaran Hotel Indonesia (HI);62;86;11;27;36;44;86;PM25;SEDANG
202410;10;31;DKI1 Bundaran Hotel Indonesia (HI);59;78;11;28;29;45;78;PM25;SEDANG
202411;11;1;DKI1 Bundaran Hotel Indonesia (HI);62;87;11;28;33;47;87;PM25;SEDANG
202411;11;2;DKI1 Bundaran Hotel Indonesia (HI);60;87;14;25;26;41;87;PM25;SEDANG
202411;11;3;DKI1 Bundaran Hotel Indonesia (HI);51;70;10;34;29;43;70;PM25;SEDANG
202411;11;4;DKI1 Bundaran Hotel Indonesia (HI);44;60;8;25;N/A;37;60;PM25;SEDANG
202411;11;5;DKI1 Bundaran Hotel Indonesia (HI);40;65;12;28;75;45;75;O3;SEDANG
202411;11;6;DKI1 Bundaran Hotel Indonesia (HI);40;58;10;26;15;39;58;PM25;SEDANG
202411;11;7;DKI1 Bundaran Hotel Indonesia (HI);55;83;13;27;18;40;83;PM25;SEDANG
202411;11;8;DKI1 Bundaran Hotel Indonesia (HI);57;83;12;28;24;44;83;PM25;SEDANG
202411;11;9;DKI1 Bundaran Hotel Indonesia (HI);67;99;16;32;20;46;99;PM25;SEDANG
202411;11;10;DKI1 Bundaran Hotel Indonesia (HI);54;71;10;32;15;41;71;PM25;SEDANG
202411;11;11;DKI1 Bundaran Hotel Indonesia (HI);51;71;10;30;18;42;71;PM25;SEDANG
202411;11;12;DKI1 Bundaran Hotel Indonesia (HI);39;53;9;28;9;36;53;PM25;SEDANG
202411;11;13;DKI1 Bundaran Hotel Indonesia (HI);53;74;8;31;7;33;74;PM25;SEDANG
202411;11;14;DKI1 Bundaran Hotel Indonesia (HI);61;96;19;26;9;34;96;PM25;SEDANG
202411;11;15;DKI1 Bundaran Hotel Indonesia (HI);69;106;22;31;13;49;106;PM25;TIDAK SEHAT
202411;11;16;DKI1 Bundaran Hotel Indonesia (HI);76;109;12;28;13;40;109;PM25;TIDAK SEHAT
202411;11;17;DKI1 Bundaran Hotel Indonesia (HI);76;115;11;38;14;47;115;PM25;TIDAK SEHAT
202411;11;18;DKI1 Bundaran Hotel Indonesia (HI);52;68;9;25;9;32;68;PM25;SEDANG
202411;11;19;DKI1 Bundaran Hotel Indonesia (HI);38;61;10;28;16;36;61;PM25;SEDANG
202411;11;20;DKI1 Bundaran Hotel Indonesia (HI);44;62;13;28;19;40;62;PM25;SEDANG
202411;11;21;DKI1 Bundaran Hotel Indonesia (HI);46;64;16;26;16;36;64;PM25;SEDANG
202411;11;22;DKI1 Bundaran Hotel Indonesia (HI);32;48;13;24;17;31;48;PM25;BAIK
202411;11;23;DKI1 Bundaran Hotel Indonesia (HI);34;54;12;26;18;29;54;PM25;SEDANG
202411;11;24;DKI1 Bundaran Hotel Indonesia (HI);40;51;10;25;11;22;51;PM25;SEDANG
202411;11;25;DKI1 Bundaran Hotel Indonesia (HI);31;44;14;24;14;27;44;PM25;BAIK
202411;11;26;DKI1 Bundaran Hotel Indonesia (HI);40;55;13;26;14;29;55;PM25;SEDANG
202411;11;27;DKI1 Bundaran Hotel Indonesia (HI);50;N/A;10;33;10;27;50;PM10;BAIK
202411;11;28;DKI1 Bundaran Hotel Indonesia (HI);30;42;9;25;9;24;42;PM25;BAIK
202411;11;29;DKI1 Bundaran Hotel Indonesia (HI);29;32;10;23;8;21;32;PM25;BAIK
202411;11;30;DKI1 Bundaran Hotel Indonesia (HI);27;40;10;22;7;16;40;PM25;BAIK
202412;12;1;DKI1 Bundaran Hotel Indonesia (HI);32;65;67;7;9;40;67;PM25;BAIK
202412;12;2;DKI1 Bundaran Hotel Indonesia (HI);19;52;67;6;9;33;67;PM25;BAIK
202412;12;3;DKI1 Bundaran Hotel Indonesia (HI);19;31;67;4;12;15;67;CO;BAIK
202412;12;4;DKI1 Bundaran Hotel Indonesia (HI);30;45;67;7;10;22;67;PM10;BAIK
202412;12;5;DKI1 Bundaran Hotel Indonesia (HI);17;26;67;3;12;13;67;PM25;BAIK
202412;12;6;DKI1 Bundaran Hotel Indonesia (HI);26;47;68;4;11;17;68;PM25;BAIK
202412;12;7;DKI1 Bundaran Hotel Indonesia (HI);66;103;69;27;12;98;103;PM25;SEDANG
202412;12;8;DKI1 Bundaran Hotel Indonesia (HI);38;67;68;15;18;57;68;PM25;SEDANG
202412;12;9;DKI1 Bundaran Hotel Indonesia (HI);42;69;69;11;11;29;69;PM25;SEDANG
202412;12;10;DKI1 Bundaran Hotel Indonesia (HI);38;56;68;12;7;61;68;PM25;BAIK
202412;12;11;DKI1 Bundaran Hotel Indonesia (HI);14;26;68;3;11;15;68;PM25;BAIK
202412;12;12;DKI1 Bundaran Hotel Indonesia (HI);19;40;68;3;13;10;68;PM25;BAIK
202412;12;13;DKI1 Bundaran Hotel Indonesia (HI);21;52;69;4;13;14;69;PM25;BAIK
202412;12;14;DKI1 Bundaran Hotel Indonesia (HI);22;40;68;4;11;15;68;PM25;BAIK
202412;12;15;DKI1 Bundaran Hotel Indonesia (HI);18;40;68;6;10;21;68;PM25;BAIK
202412;12;16;DKI1 Bundaran Hotel Indonesia (HI);27;48;68;5;10;21;68;PM25;BAIK
202412;12;17;DKI1 Bundaran Hotel Indonesia (HI);27;37;68;6;10;30;68;PM25;BAIK
202412;12;18;DKI1 Bundaran Hotel Indonesia (HI);50;67;69;8;8;59;69;PM25;BAIK
202412;12;19;DKI1 Bundaran Hotel Indonesia (HI);18;35;68;5;8;27;68;PM10;BAIK
202412;12;20;DKI1 Bundaran Hotel Indonesia (HI);25;46;69;5;10;32;69;PM25;BAIK
202412;12;21;DKI1 Bundaran Hotel Indonesia (HI);23;53;26;5;11;30;53;PM25;BAIK
202412;12;22;DKI1 Bundaran Hotel Indonesia (HI);53;80;16;11;13;31;80;PM25;SEDANG
202412;12;23;DKI1 Bundaran Hotel Indonesia (HI);52;78;12;15;11;45;78;PM25;BAIK
202412;12;24;DKI1 Bundaran Hotel Indonesia (HI);38;55;12;9;10;33;55;PM25;SEDANG
202412;12;25;DKI1 Bundaran Hotel Indonesia (HI);52;79;12;11;11;52;79;PM25;SEDANG
202412;12;26;DKI1 Bundaran Hotel Indonesia (HI);39;62;12;11;9;35;62;PM25;SEDANG
202412;12;27;DKI1 Bundaran Hotel Indonesia (HI);53;83;12;10;11;36;83;PM25;SEDANG
202412;12;28;DKI1 Bundaran Hotel Indonesia (HI);64;101;14;9;11;35;101;PM25;SEDANG
202412;12;29;DKI1 Bundaran Hotel Indonesia (HI);51;21;13;10;13;35;51;PM25;SEDANG
202412;12;30;DKI1 Bundaran Hotel Indonesia (HI);35;10;13;5;12;13;35;PM25;BAIK
202412;12;31;DKI1 Bundaran Hotel Indonesia (HI);29;11;6;13;10;18;29;PM25;BAIK
202501;1;1;DKI1 Bundaran Hotel Indonesia (HI);46;63;12;22;10;16;63;PM25;SEDANG
202501;1;2;DKI1 Bundaran Hotel Indonesia (HI);30;38;12;21;11;18;38;PM25;BAIK
202501;1;3;DKI1 Bundaran Hotel Indonesia (HI);43;57;14;23;11;24;57;PM25;SEDANG
202501;1;4;DKI1 Bundaran Hotel Indonesia (HI);37;61;15;22;9;17;61;PM25;SEDANG
202501;1;5;DKI1 Bundaran Hotel Indonesia (HI);26;56;10;20;8;11;56;PM25;SEDANG
202501;1;6;DKI1 Bundaran Hotel Indonesia (HI);47;58;14;28;9;21;58;PM25;SEDANG
202501;1;7;DKI1 Bundaran Hotel Indonesia (HI);33;46;13;24;7;19;46;PM25;BAIK
202501;1;8;DKI1 Bundaran Hotel Indonesia (HI);30;46;12;24;7;19;46;PM25;BAIK
202501;1;9;DKI1 Bundaran Hotel Indonesia (HI);20;26;9;23;7;19;26;PM25;BAIK
202501;1;10;DKI1 Bundaran Hotel Indonesia (HI);39;58;N/A;19;12;25;58;PM25;SEDANG
202501;1;11;DKI1 Bundaran Hotel Indonesia (HI);41;56;N/A;10;18;27;56;PM25;SEDANG
202501;1;12;DKI1 Bundaran Hotel Indonesia (HI);45;58;19;13;13;25;58;PM25;SEDANG
202501;1;13;DKI1 Bundaran Hotel Indonesia (HI);28;37;12;11;9;18;37;PM25;BAIK
202501;1;14;DKI1 Bundaran Hotel Indonesia (HI);32;54;51;15;6;13;54;PM25;SEDANG
202501;1;15;DKI1 Bundaran Hotel Indonesia (HI);34;51;62;15;8;23;62;SO2;SEDANG
202501;1;16;DKI1 Bundaran Hotel Indonesia (HI);40;57;62;15;6;25;62;SO2;SEDANG
202501;1;17;DKI1 Bundaran Hotel Indonesia (HI);33;55;N/A;14;7;25;55;PM25;SEDANG
202501;1;18;DKI1 Bundaran Hotel Indonesia (HI);24;34;29;11;10;21;34;PM25;BAIK
202501;1;19;DKI1 Bundaran Hotel Indonesia (HI);29;50;34;12;10;20;50;PM25;BAIK
202501;1;20;DKI1 Bundaran Hotel Indonesia (HI);25;39;30;10;11;22;39;PM25;BAIK
202501;1;21;DKI1 Bundaran Hotel Indonesia (HI);32;52;23;19;7;31;52;PM25;SEDANG
202501;1;22;DKI1 Bundaran Hotel Indonesia (HI);31;51;28;17;7;29;51;PM25;SEDANG
202501;1;23;DKI1 Bundaran Hotel Indonesia (HI);38;59;26;16;11;33;59;PM25;SEDANG
202501;1;24;DKI1 Bundaran Hotel Indonesia (HI);52;73;25;22;10;38;73;PM25;SEDANG
202501;1;25;DKI1 Bundaran Hotel Indonesia (HI);39;55;24;19;8;24;55;PM25;SEDANG
202501;1;26;DKI1 Bundaran Hotel Indonesia (HI);42;59;32;16;7;28;59;PM25;SEDANG
202501;1;27;DKI1 Bundaran Hotel Indonesia (HI);35;50;26;10;7;19;50;PM25;BAIK
202501;1;28;DKI1 Bundaran Hotel Indonesia (HI);31;36;23;9;6;17;36;PM25;BAIK
202501;1;29;DKI1 Bundaran Hotel Indonesia (HI);25;32;19;10;8;25;32;PM25;BAIK
202501;1;30;DKI1 Bundaran Hotel Indonesia (HI);25;30;18;9;17;21;30;PM25;BAIK
202501;1;31;DKI1 Bundaran Hotel Indonesia (HI);37;51;21;12;16;31;51;PM25;SEDANG
202502;2;1;DKI1 Bundaran Hotel Indonesia (HI);41;51;19;10;14;27;51;PM25;SEDANG
202502;2;2;DKI1 Bundaran Hotel Indonesia (HI);41;47;18;9;15;20;47;PM25;BAIK
202502;2;3;DKI1 Bundaran Hotel Indonesia (HI);38;45;19;9;16;24;45;PM25;BAIK
202502;2;4;DKI1 Bundaran Hotel Indonesia (HI);54;73;26;17;11;40;73;PM25;SEDANG
202502;2;5;DKI1 Bundaran Hotel Indonesia (HI);40;47;27;13;10;26;47;PM25;BAIK
202502;2;6;DKI1 Bundaran Hotel Indonesia (HI);41;53;37;14;11;31;53;PM25;SEDANG
202502;2;7;DKI1 Bundaran Hotel Indonesia (HI);35;50;30;13;11;29;50;PM25;BAIK
202502;2;8;DKI1 Bundaran Hotel Indonesia (HI);33;48;31;12;10;34;48;PM25;BAIK
202502;2;9;DKI1 Bundaran Hotel Indonesia (HI);38;52;33;12;11;25;52;PM25;SEDANG
202502;2;10;DKI1 Bundaran Hotel Indonesia (HI);31;38;29;11;13;26;38;PM25;BAIK
202502;2;11;DKI1 Bundaran Hotel Indonesia (HI);36;51;29;13;12;35;51;PM25;SEDANG
202502;2;12;DKI1 Bundaran Hotel Indonesia (HI);54;74;37;16;16;43;74;PM25;SEDANG
202502;2;13;DKI1 Bundaran Hotel Indonesia (HI);56;74;35;18;9;39;74;PM25;SEDANG
202502;2;14;DKI1 Bundaran Hotel Indonesia (HI);44;68;35;13;9;30;68;PM25;SEDANG
202502;2;15;DKI1 Bundaran Hotel Indonesia (HI);34;54;33;12;7;19;54;PM25;SEDANG
202502;2;16;DKI1 Bundaran Hotel Indonesia (HI);42;67;36;18;10;26;67;PM25;SEDANG
202502;2;17;DKI1 Bundaran Hotel Indonesia (HI);44;N/A;33;16;6;N/A;44;PM10;BAIK
202502;2;18;DKI1 Bundaran Hotel Indonesia (HI);48;N/A;N/A;N/A;N/A;N/A;48;PM10;BAIK
202502;2;19;DKI1 Bundaran Hotel Indonesia (HI);53;73;32;28;6;26;73;PM25;SEDANG
202502;2;20;DKI1 Bundaran Hotel Indonesia (HI);42;50;31;11;10;22;50;PM25;BAIK
202502;2;21;DKI1 Bundaran Hotel Indonesia (HI);51;72;40;20;9;30;72;PM25;SEDANG
202502;2;22;DKI1 Bundaran Hotel Indonesia (HI);50;63;33;22;9;31;63;PM25;SEDANG
202502;2;23;DKI1 Bundaran Hotel Indonesia (HI);56;70;48;21;8;30;70;PM25;SEDANG
202502;2;24;DKI1 Bundaran Hotel Indonesia (HI);42;55;28;15;14;28;55;PM25;SEDANG
202502;2;25;DKI1 Bundaran Hotel Indonesia (HI);47;66;38;19;5;31;66;PM25;SEDANG
202502;2;26;DKI1 Bundaran Hotel Indonesia (HI);45;57;30;17;7;30;57;PM25;SEDANG
202502;2;27;DKI1 Bundaran Hotel Indonesia (HI);54;85;36;26;12;50;85;PM25;SEDANG
202502;2;28;DKI1 Bundaran Hotel Indonesia (HI);44;57;33;13;10;23;57;PM25;SEDANG
202503;3;1;DKI1 Bundaran Hotel Indonesia (HI);36;59;29;16;11;33;59;PM25;SEDANG
202503;3;2;DKI1 Bundaran Hotel Indonesia (HI);51;69;28;14;18;28;69;PM25;SEDANG
202503;3;3;DKI1 Bundaran Hotel Indonesia (HI);35;55;27;14;15;30;55;PM25;SEDANG
202503;3;4;DKI1 Bundaran Hotel Indonesia (HI);29;53;28;13;16;31;53;PM25;SEDANG
202503;3;5;DKI1 Bundaran Hotel Indonesia (HI);43;61;32;15;10;37;61;PM25;SEDANG
202503;3;6;DKI1 Bundaran Hotel Indonesia (HI);54;81;32;20;16;42;81;PM25;SEDANG
202503;3;7;DKI1 Bundaran Hotel Indonesia (HI);25;34;28;8;14;15;34;PM25;BAIK
202503;3;8;DKI1 Bundaran Hotel Indonesia (HI);44;72;31;15;18;27;72;PM25;SEDANG
202503;3;9;DKI1 Bundaran Hotel Indonesia (HI);47;70;29;15;17;34;70;PM25;SEDANG
202503;3;10;DKI1 Bundaran Hotel Indonesia (HI);43;64;27;17;11;34;64;PM25;SEDANG
202503;3;11;DKI1 Bundaran Hotel Indonesia (HI);56;N/A;N/A;N/A;N/A;N/A;56;PM10;SEDANG
202503;3;12;DKI1 Bundaran Hotel Indonesia (HI);39;62;42;15;13;37;62;PM25;SEDANG
202503;3;13;DKI1 Bundaran Hotel Indonesia (HI);49;71;37;15;12;38;71;PM25;SEDANG
202503;3;14;DKI1 Bundaran Hotel Indonesia (HI);43;59;31;12;10;23;59;PM25;SEDANG
202503;3;15;DKI1 Bundaran Hotel Indonesia (HI);27;47;29;10;9;14;47;PM25;BAIK
202503;3;16;DKI1 Bundaran Hotel Indonesia (HI);26;44;28;10;9;13;44;PM25;BAIK
202503;3;17;DKI1 Bundaran Hotel Indonesia (HI);37;57;33;13;6;20;57;PM25;SEDANG
202503;3;18;DKI1 Bundaran Hotel Indonesia (HI);18;40;27;11;13;22;40;PM25;BAIK
202503;3;19;DKI1 Bundaran Hotel Indonesia (HI);30;54;31;12;13;31;54;PM25;SEDANG
202503;3;20;DKI1 Bundaran Hotel Indonesia (HI);59;60;36;12;16;31;60;PM25;SEDANG
202503;3;21;DKI1 Bundaran Hotel Indonesia (HI);36;57;29;11;15;25;57;PM25;SEDANG
202503;3;22;DKI1 Bundaran Hotel Indonesia (HI);45;66;30;13;15;29;66;PM25;SEDANG
202503;3;23;DKI1 Bundaran Hotel Indonesia (HI);50;63;29;20;10;26;63;PM25;SEDANG
202503;3;24;DKI1 Bundaran Hotel Indonesia (HI);38;60;29;13;13;23;60;PM25;SEDANG
202503;3;25;DKI1 Bundaran Hotel Indonesia (HI);36;N/A;28;15;8;22;36;PM10;BAIK
202503;3;26;DKI1 Bundaran Hotel Indonesia (HI);42;64;27;17;10;28;64;PM25;SEDANG
202503;3;27;DKI1 Bundaran Hotel Indonesia (HI);50;71;26;18;7;26;71;PM25;SEDANG
202503;3;28;DKI1 Bundaran Hotel Indonesia (HI);32;47;27;10;8;19;47;PM25;BAIK
202503;3;29;DKI1 Bundaran Hotel Indonesia (HI);17;33;26;6;11;11;33;PM25;BAIK
202503;3;30;DKI1 Bundaran Hotel Indonesia (HI);22;37;28;8;11;11;37;PM25;BAIK
202503;3;31;DKI1 Bundaran Hotel Indonesia (HI);24;40;30;7;11;8;40;PM25;BAIK
202504;4;1;DKI1 Bundaran Hotel Indonesia (HI);24;35;32;8;8;12;35;PM25;BAIK
202504;4;2;DKI1 Bundaran Hotel Indonesia (HI);22;40;31;9;9;14;40;PM25;BAIK
202504;4;3;DKI1 Bundaran Hotel Indonesia (HI);24;54;30;14;10;17;54;PM25;SEDANG
202504;4;4;DKI1 Bundaran Hotel Indonesia (HI);29;N/A;27;9;18;21;29;PM10;BAIK
202504;4;5;DKI1 Bundaran Hotel Indonesia (HI);46;69;32;15;14;26;69;PM25;SEDANG
202504;4;6;DKI1 Bundaran Hotel Indonesia (HI);50;71;27;20;14;25;71;PM25;SEDANG
202504;4;7;DKI1 Bundaran Hotel Indonesia (HI);34;59;31;14;17;29;59;PM25;SEDANG
202504;4;8;DKI1 Bundaran Hotel Indonesia (HI);49;71;34;14;13;39;71;PM25;SEDANG
202504;4;9;DKI1 Bundaran Hotel Indonesia (HI);48;71;28;13;10;37;71;PM25;SEDANG
202504;4;10;DKI1 Bundaran Hotel Indonesia (HI);55;83;31;19;10;35;83;PM25;SEDANG
202504;4;11;DKI1 Bundaran Hotel Indonesia (HI);54;82;31;21;19;49;82;PM25;SEDANG
202504;4;12;DKI1 Bundaran Hotel Indonesia (HI);57;79;32;18;11;42;79;PM25;SEDANG
202504;4;13;DKI1 Bundaran Hotel Indonesia (HI);45;72;29;18;16;33;72;PM25;SEDANG
202504;4;14;DKI1 Bundaran Hotel Indonesia (HI);29;34;30;7;8;14;34;PM25;BAIK
202504;4;15;DKI1 Bundaran Hotel Indonesia (HI);39;60;39;14;8;28;60;PM25;SEDANG
202504;4;16;DKI1 Bundaran Hotel Indonesia (HI);53;80;40;20;17;41;80;PM25;SEDANG
202504;4;17;DKI1 Bundaran Hotel Indonesia (HI);52;73;31;17;11;37;73;PM25;SEDANG
202504;4;18;DKI1 Bundaran Hotel Indonesia (HI);58;79;32;16;9;35;79;PM25;SEDANG
202504;4;19;DKI1 Bundaran Hotel Indonesia (HI);43;65;31;14;11;28;65;PM25;SEDANG
202504;4;20;DKI1 Bundaran Hotel Indonesia (HI);42;64;38;12;19;26;64;PM25;SEDANG
202504;4;21;DKI1 Bundaran Hotel Indonesia (HI);42;62;37;11;10;25;62;PM25;SEDANG
202504;4;22;DKI1 Bundaran Hotel Indonesia (HI);42;70;37;16;14;32;70;PM25;SEDANG
202504;4;23;DKI1 Bundaran Hotel Indonesia (HI);53;70;35;23;8;34;70;PM25;SEDANG
202504;4;24;DKI1 Bundaran Hotel Indonesia (HI);25;43;33;9;12;17;43;PM25;BAIK
202504;4;25;DKI1 Bundaran Hotel Indonesia (HI);34;60;32;16;14;31;60;PM25;SEDANG
202504;4;26;DKI1 Bundaran Hotel Indonesia (HI);47;72;31;16;16;39;72;PM25;SEDANG
202504;4;27;DKI1 Bundaran Hotel Indonesia (HI);52;77;30;14;15;37;77;PM25;SEDANG
202504;4;28;DKI1 Bundaran Hotel Indonesia (HI);45;69;32;14;13;35;69;PM25;SEDANG
202504;4;29;DKI1 Bundaran Hotel Indonesia (HI);51;78;32;16;14;40;78;PM25;SEDANG
202504;4;30;DKI1 Bundaran Hotel Indonesia (HI);54;83;35;15;15;40;83;PM25;SEDANG
202505;5;1;DKI1 Bundaran Hotel Indonesia (HI);58;91;34;17;19;41;91;PM25;SEDANG
202505;5;2;DKI1 Bundaran Hotel Indonesia (HI);58;89;33;14;20;36;89;PM25;SEDANG
202505;5;3;DKI1 Bundaran Hotel Indonesia (HI);56;83;33;15;16;46;83;PM25;SEDANG
202505;5;4;DKI1 Bundaran Hotel Indonesia (HI);52;73;29;15;16;36;73;PM25;SEDANG
202505;5;5;DKI1 Bundaran Hotel Indonesia (HI);60;96;35;20;11;42;96;PM25;SEDANG
202505;5;6;DKI1 Bundaran Hotel Indonesia (HI);53;83;32;19;13;47;83;PM25;SEDANG
202505;5;7;DKI1 Bundaran Hotel Indonesia (HI);58;85;31;23;12;50;85;PM25;SEDANG
202505;5;8;DKI1 Bundaran Hotel Indonesia (HI);66;101;29;32;11;56;101;PM25;TIDAK SEHAT
202505;5;9;DKI1 Bundaran Hotel Indonesia (HI);54;80;29;18;16;40;80;PM25;SEDANG
202505;5;10;DKI1 Bundaran Hotel Indonesia (HI);56;88;33;18;23;39;88;PM25;SEDANG
202505;5;11;DKI1 Bundaran Hotel Indonesia (HI);61;87;30;22;19;37;87;PM25;SEDANG
202505;5;12;DKI1 Bundaran Hotel Indonesia (HI);38;59;29;14;11;24;59;PM25;SEDANG
202505;5;13;DKI1 Bundaran Hotel Indonesia (HI);36;62;31;12;15;23;62;PM25;SEDANG
202505;5;14;DKI1 Bundaran Hotel Indonesia (HI);47;71;31;16;21;41;71;PM25;SEDANG
202505;5;15;DKI1 Bundaran Hotel Indonesia (HI);52;73;33;19;18;46;73;PM25;SEDANG
202505;5;16;DKI1 Bundaran Hotel Indonesia (HI);51;77;27;19;N/A;49;77;PM25;SEDANG
202505;5;17;DKI1 Bundaran Hotel Indonesia (HI);58;82;29;18;14;45;82;PM25;SEDANG
202505;5;18;DKI1 Bundaran Hotel Indonesia (HI);53;77;30;28;15;36;77;PM25;SEDANG
202505;5;19;DKI1 Bundaran Hotel Indonesia (HI);50;73;32;14;19;38;73;PM25;SEDANG
202505;5;20;DKI1 Bundaran Hotel Indonesia (HI);59;87;39;23;11;52;87;PM25;SEDANG
202505;5;21;DKI1 Bundaran Hotel Indonesia (HI);52;80;35;17;6;44;80;PM25;SEDANG
202505;5;22;DKI1 Bundaran Hotel Indonesia (HI);55;78;27;22;5;43;78;PM25;SEDANG
202505;5;23;DKI1 Bundaran Hotel Indonesia (HI);35;59;29;17;3;35;59;PM25;SEDANG
202505;5;24;DKI1 Bundaran Hotel Indonesia (HI);29;52;30;15;11;29;52;PM25;SEDANG
202505;5;25;DKI1 Bundaran Hotel Indonesia (HI);52;74;29;24;7;34;74;PM25;SEDANG
202505;5;26;DKI1 Bundaran Hotel Indonesia (HI);52;72;27;22;2;37;72;PM25;SEDANG
202505;5;27;DKI1 Bundaran Hotel Indonesia (HI);24;53;29;11;11;22;53;PM25;SEDANG
202505;5;28;DKI1 Bundaran Hotel Indonesia (HI);47;83;35;19;19;37;83;PM25;SEDANG
202505;5;29;DKI1 Bundaran Hotel Indonesia (HI);65;100;31;15;28;46;100;PM25;SEDANG
202505;5;30;DKI1 Bundaran Hotel Indonesia (HI);48;71;27;12;12;34;71;PM25;SEDANG
202505;5;31;DKI1 Bundaran Hotel Indonesia (HI);51;90;28;16;19;37;90;PM25;SEDANG
202506;6;1;DKI1 Bundaran Hotel Indonesia (HI);50;88;33;16;19;33;88;PM25;SEDANG
202506;6;2;DKI1 Bundaran Hotel Indonesia (HI);64;101;34;15;19;37;101;PM25;TIDAK SEHAT
202506;6;3;DKI1 Bundaran Hotel Indonesia (HI);56;83;29;16;14;45;83;PM25;SEDANG
202506;6;4;DKI1 Bundaran Hotel Indonesia (HI);71;117;30;24;14;55;117;PM25;TIDAK SEHAT
202506;6;5;DKI1 Bundaran Hotel Indonesia (HI);73;117;29;23;19;51;117;PM25;TIDAK SEHAT
202506;6;6;DKI1 Bundaran Hotel Indonesia (HI);61;86;29;15;19;33;86;PM25;SEDANG
202506;6;7;DKI1 Bundaran Hotel Indonesia (HI);60;117;28;21;24;40;117;PM25;TIDAK SEHAT
202506;6;8;DKI1 Bundaran Hotel Indonesia (HI);66;98;30;16;29;28;98;PM25;SEDANG
202506;6;9;DKI1 Bundaran Hotel Indonesia (HI);60;87;31;13;21;37;87;PM25;SEDANG
202506;6;10;DKI1 Bundaran Hotel Indonesia (HI);60;94;27;17;14;40;94;PM25;SEDANG
202506;6;11;DKI1 Bundaran Hotel Indonesia (HI);54;84;26;21;12;48;84;PM25;SEDANG
202506;6;12;DKI1 Bundaran Hotel Indonesia (HI);51;93;29;15;13;34;93;PM25;SEDANG
202506;6;13;DKI1 Bundaran Hotel Indonesia (HI);59;94;31;14;18;35;94;PM25;SEDANG
202506;6;14;DKI1 Bundaran Hotel Indonesia (HI);55;92;32;14;12;36;92;PM25;SEDANG
202506;6;15;DKI1 Bundaran Hotel Indonesia (HI);51;70;33;13;9;25;70;PM25;SEDANG
202506;6;16;DKI1 Bundaran Hotel Indonesia (HI);55;79;30;12;12;28;79;PM25;SEDANG
202506;6;17;DKI1 Bundaran Hotel Indonesia (HI);51;67;30;15;11;35;67;PM25;SEDANG
202506;6;18;DKI1 Bundaran Hotel Indonesia (HI);23;53;26;17;9;35;53;PM25;SEDANG
202506;6;19;DKI1 Bundaran Hotel Indonesia (HI);37;60;30;22;6;37;60;PM25;SEDANG
202506;6;20;DKI1 Bundaran Hotel Indonesia (HI);61;88;43;18;10;43;88;PM25;SEDANG
202506;6;21;DKI1 Bundaran Hotel Indonesia (HI);36;65;29;14;15;38;65;PM25;SEDANG
202506;6;22;DKI1 Bundaran Hotel Indonesia (HI);69;106;32;35;14;50;106;PM25;TIDAK SEHAT
202506;6;23;DKI1 Bundaran Hotel Indonesia (HI);53;82;28;12;14;26;82;PM25;SEDANG
202506;6;24;DKI1 Bundaran Hotel Indonesia (HI);57;101;31;14;11;34;101;PM25;TIDAK SEHAT
202506;6;25;DKI1 Bundaran Hotel Indonesia (HI);64;118;33;23;17;45;118;PM25;TIDAK SEHAT
202506;6;26;DKI1 Bundaran Hotel Indonesia (HI);64;114;35;21;17;52;114;PM25;TIDAK SEHAT
202506;6;27;DKI1 Bundaran Hotel Indonesia (HI);57;96;28;16;N/A;36;96;PM25;SEDANG
202506;6;28;DKI1 Bundaran Hotel Indonesia (HI);66;115;26;15;21;34;115;PM25;TIDAK SEHAT
202506;6;29;DKI1 Bundaran Hotel Indonesia (HI);55;80;27;22;8;44;80;PM25;SEDANG
202506;6;30;DKI1 Bundaran Hotel Indonesia (HI);65;97;26;20;N/A;40;97;PM25;SEDANG
202507;7;1;DKI1 Bundaran Hotel Indonesia (HI);32;60;27;11;9;25;60;PM25;SEDANG
202507;7;2;DKI1 Bundaran Hotel Indonesia (HI);38;76;30;16;11;35;76;PM25;SEDANG
202507;7;3;DKI1 Bundaran Hotel Indonesia (HI);51;81;27;21;9;42;81;PM25;SEDANG
202507;7;4;DKI1 Bundaran Hotel Indonesia (HI);48;75;29;19;12;41;75;PM25;SEDANG
202507;7;5;DKI1 Bundaran Hotel Indonesia (HI);62;87;31;19;14;43;87;PM25;SEDANG
202507;7;6;DKI1 Bundaran Hotel Indonesia (HI);41;69;28;13;22;30;69;PM25;SEDANG
202507;7;7;DKI1 Bundaran Hotel Indonesia (HI);35;62;29;14;10;31;62;PM25;SEDANG
202507;7;8;DKI1 Bundaran Hotel Indonesia (HI);31;58;27;14;11;35;58;PM25;SEDANG
202507;7;9;DKI1 Bundaran Hotel Indonesia (HI);49;83;27;18;13;38;83;PM25;SEDANG
202507;7;10;DKI1 Bundaran Hotel Indonesia (HI);49;79;29;17;14;41;79;PM25;SEDANG
202507;7;11;DKI1 Bundaran Hotel Indonesia (HI);55;96;37;14;19;43;96;PM25;SEDANG
202507;7;12;DKI1 Bundaran Hotel Indonesia (HI);65;115;37;14;29;37;115;PM25;TIDAK SEHAT
202507;7;13;DKI1 Bundaran Hotel Indonesia (HI);69;102;35;12;23;30;102;PM25;TIDAK SEHAT
202507;7;14;DKI1 Bundaran Hotel Indonesia (HI);50;79;29;14;16;30;79;PM25;SEDANG
202507;7;15;DKI1 Bundaran Hotel Indonesia (HI);63;98;29;21;14;41;98;PM25;SEDANG
202507;7;16;DKI1 Bundaran Hotel Indonesia (HI);64;109;32;25;20;53;109;PM25;TIDAK SEHAT
202507;7;17;DKI1 Bundaran Hotel Indonesia (HI);54;86;29;18;17;42;86;PM25;SEDANG
202507;7;18;DKI1 Bundaran Hotel Indonesia (HI);56;94;29;16;21;37;94;PM25;SEDANG
202507;7;19;DKI1 Bundaran Hotel Indonesia (HI);54;97;31;15;20;39;97;PM25;SEDANG
202507;7;20;DKI1 Bundaran Hotel Indonesia (HI);61;104;34;14;25;37;104;PM25;TIDAK SEHAT
202507;7;21;DKI1 Bundaran Hotel Indonesia (HI);57;96;33;13;27;35;96;PM25;SEDANG
202507;7;22;DKI1 Bundaran Hotel Indonesia (HI);59;97;38;13;22;36;97;PM25;SEDANG
202507;7;23;DKI1 Bundaran Hotel Indonesia (HI);60;102;37;13;22;39;102;PM25;TIDAK SEHAT
202507;7;24;DKI1 Bundaran Hotel Indonesia (HI);62;111;37;16;23;42;111;PM25;TIDAK SEHAT
202507;7;25;DKI1 Bundaran Hotel Indonesia (HI);64;109;38;14;20;39;109;PM25;TIDAK SEHAT
202507;7;26;DKI1 Bundaran Hotel Indonesia (HI);63;108;35;13;19;37;108;PM25;TIDAK SEHAT
202507;7;27;DKI1 Bundaran Hotel Indonesia (HI);64;112;31;12;25;29;112;PM25;TIDAK SEHAT
202507;7;28;DKI1 Bundaran Hotel Indonesia (HI);56;90;30;15;18;39;90;PM25;SEDANG
202507;7;29;DKI1 Bundaran Hotel Indonesia (HI);53;91;30;23;14;46;91;PM25;SEDANG
202507;7;30;DKI1 Bundaran Hotel Indonesia (HI);46;81;30;16;16;33;81;PM25;SEDANG
202507;7;31;DKI1 Bundaran Hotel Indonesia (HI);46;76;31;14;14;31;76;PM25;SEDANG
202508;8;1;DKI1 Bundaran Hotel Indonesia HI;62;82;35;12;18;29;82;PM25;SEDANG
202508;8;2;DKI1 Bundaran Hotel Indonesia HI;53;94;41;14;16;34;94;PM25;SEDANG
202508;8;3;DKI1 Bundaran Hotel Indonesia HI;59;91;34;12;21;30;91;PM25;SEDANG
202508;8;4;DKI1 Bundaran Hotel Indonesia HI;50;76;32;15;22;35;76;PM25;SEDANG
202508;8;5;DKI1 Bundaran Hotel Indonesia HI;53;83;32;23;13;48;83;PM25;SEDANG
202508;8;6;DKI1 Bundaran Hotel Indonesia HI;54;87;34;17;11;46;87;PM25;SEDANG
202508;8;7;DKI1 Bundaran Hotel Indonesia HI;54;89;34;14;14;40;89;PM25;SEDANG
202508;8;8;DKI1 Bundaran Hotel Indonesia HI;55;84;28;17;13;39;84;PM25;SEDANG
202508;8;9;DKI1 Bundaran Hotel Indonesia HI;56;91;31;14;13;37;91;PM25;SEDANG
202508;8;10;DKI1 Bundaran Hotel Indonesia HI;52;82;31;18;18;36;82;PM25;SEDANG
202508;8;11;DKI1 Bundaran Hotel Indonesia HI;56;92;29;19;16;42;92;PM25;SEDANG
202508;8;12;DKI1 Bundaran Hotel Indonesia HI;61;102;27;30;12;53;102;PM25;TIDAK SEHAT
202508;8;13;DKI1 Bundaran Hotel Indonesia HI;54;89;30;28;10;50;89;PM25;SEDANG
202508;8;14;DKI1 Bundaran Hotel Indonesia HI;53;83;33;16;14;37;83;PM25;SEDANG
202508;8;15;DKI1 Bundaran Hotel Indonesia HI;52;84;35;19;16;46;84;PM25;SEDANG
202508;8;16;DKI1 Bundaran Hotel Indonesia HI;61;102;37;16;15;40;102;PM25;TIDAK SEHAT
202508;8;17;DKI1 Bundaran Hotel Indonesia HI;61;105;38;11;20;33;105;PM25;TIDAK SEHAT
202508;8;18;DKI1 Bundaran Hotel Indonesia HI;N/A;N/A;N/A;N/A;N/A;N/A;N/A;N/A;TIDAK ADA DATA
202508;8;19;DKI1 Bundaran Hotel Indonesia HI;44;78;30;16;9;32;78;PM25;SEDANG
202508;8;20;DKI1 Bundaran Hotel Indonesia HI;61;102;35;19;15;45;102;PM25;TIDAK SEHAT
202508;8;21;DKI1 Bundaran Hotel Indonesia HI;48;74;33;21;13;44;74;PM25;SEDANG
202508;8;22;DKI1 Bundaran Hotel Indonesia HI;56;91;36;15;24;46;91;PM25;SEDANG
202508;8;23;DKI1 Bundaran Hotel Indonesia HI;58;92;37;14;18;45;92;PM25;SEDANG
202508;8;24;DKI1 Bundaran Hotel Indonesia HI;50;86;37;13;15;33;86;PM25;SEDANG
202508;8;25;DKI1 Bundaran Hotel Indonesia HI;61;114;33;22;17;51;114;PM25;TIDAK SEHAT
202508;8;26;DKI1 Bundaran Hotel Indonesia HI;51;95;32;22;16;52;95;PM25;SEDANG
202508;8;27;DKI1 Bundaran Hotel Indonesia HI;55;92;35;16;18;42;92;PM25;SEDANG
202508;8;28;DKI1 Bundaran Hotel Indonesia HI;40;71;32;14;18;42;71;PM25;SEDANG
202508;8;29;DKI1 Bundaran Hotel Indonesia HI;36;67;30;14;26;37;67;PM25;SEDANG
202508;8;30;DKI1 Bundaran Hotel Indonesia HI;44;77;30;12;22;31;77;PM25;SEDANG
202508;8;31;DKI1 Bundaran Hotel Indonesia HI;42;70;29;12;15;24;70;PM25;SEDANG
202509;9;1;DKI1 Bundaran Hotel Indonesia (HI);54;87;35;10;19;26;87;PM25;SEDANG
202509;9;2;DKI1 Bundaran Hotel Indonesia (HI);57;89;36;9;19;27;89;PM25;SEDANG
202509;9;3;DKI1 Bundaran Hotel Indonesia (HI);54;80;39;10;15;28;80;PM25;SEDANG
202509;9;4;DKI1 Bundaran Hotel Indonesia (HI);55;77;38;9;15;27;77;PM25;SEDANG
202509;9;5;DKI1 Bundaran Hotel Indonesia (HI);55;86;36;11;20;30;86;PM25;SEDANG
202509;9;6;DKI1 Bundaran Hotel Indonesia (HI);55;85;33;12;24;32;85;PM25;SEDANG
202509;9;7;DKI1 Bundaran Hotel Indonesia (HI);54;79;30;12;26;26;79;PM25;SEDANG
202509;9;8;DKI1 Bundaran Hotel Indonesia (HI);55;91;35;19;15;51;91;PM25;SEDANG
202509;9;9;DKI1 Bundaran Hotel Indonesia (HI);56;88;32;18;15;47;88;PM25;SEDANG
202509;9;10;DKI1 Bundaran Hotel Indonesia (HI);57;88;32;23;11;46;88;PM25;SEDANG
202509;9;11;DKI1 Bundaran Hotel Indonesia (HI);50;74;31;19;11;39;74;PM25;SEDANG
202509;9;12;DKI1 Bundaran Hotel Indonesia (HI);48;71;31;15;16;29;71;PM25;SEDANG
202509;9;13;DKI1 Bundaran Hotel Indonesia (HI);40;71;32;18;17;29;71;PM25;SEDANG
202509;9;14;DKI1 Bundaran Hotel Indonesia (HI);55;91;39;20;20;32;91;PM25;SEDANG
202509;9;15;DKI1 Bundaran Hotel Indonesia (HI);51;82;33;11;27;36;82;PM25;SEDANG
202509;9;16;DKI1 Bundaran Hotel Indonesia (HI);58;93;34;16;24;42;93;PM25;SEDANG
202509;9;17;DKI1 Bundaran Hotel Indonesia (HI);66;109;33;25;17;53;109;PM25;TIDAK SEHAT
202509;9;18;DKI1 Bundaran Hotel Indonesia (HI);52;71;30;N/A;9;41;71;PM25;SEDANG
202509;9;19;DKI1 Bundaran Hotel Indonesia (HI);66;99;37;N/A;12;39;99;PM25;SEDANG
202509;9;20;DKI1 Bundaran Hotel Indonesia (HI);62;90;39;17;11;35;90;PM25;SEDANG
202509;9;21;DKI1 Bundaran Hotel Indonesia (HI);54;81;40;13;9;26;81;PM25;SEDANG
202509;9;22;DKI1 Bundaran Hotel Indonesia (HI);53;85;34;18;15;32;85;PM25;SEDANG
202509;9;23;DKI1 Bundaran Hotel Indonesia (HI);52;76;31;19;16;42;76;PM25;SEDANG
202509;9;24;DKI1 Bundaran Hotel Indonesia (HI);62;103;34;20;25;46;103;PM25;TIDAK SEHAT
202509;9;25;DKI1 Bundaran Hotel Indonesia (HI);66;115;41;18;19;48;115;PM25;TIDAK SEHAT
202509;9;26;DKI1 Bundaran Hotel Indonesia (HI);58;91;37;15;27;38;91;PM25;SEDANG
202509;9;27;DKI1 Bundaran Hotel Indonesia (HI);54;86;38;18;17;42;86;PM25;SEDANG
202509;9;28;DKI1 Bundaran Hotel Indonesia (HI);55;80;38;11;15;23;80;PM25;SEDANG
202509;9;29;DKI1 Bundaran Hotel Indonesia (HI);54;86;37;15;17;29;86;PM25;SEDANG
202509;9;30;DKI1 Bundaran Hotel Indonesia (HI);53;77;31;26;7;37;77;PM25;SEDANG
202510;10;1;DKI1 Bundaran Hotel Indonesia (HI);46;67;30;23;11;33;67;PM25;SEDANG
202510;10;2;DKI1 Bundaran Hotel Indonesia (HI);47;71;39;15;7;30;71;PM25;SEDANG
202510;10;3;DKI1 Bundaran Hotel Indonesia (HI);39;69;36;22;16;40;69;PM25;SEDANG
202510;10;4;DKI1 Bundaran Hotel Indonesia (HI);59;93;38;18;26;36;93;PM25;SEDANG
202510;10;5;DKI1 Bundaran Hotel Indonesia (HI);66;103;37;24;16;39;103;PM25;TIDAK SEHAT
202510;10;6;DKI1 Bundaran Hotel Indonesia (HI);58;101;34;19;17;43;101;PM25;TIDAK SEHAT
202510;10;7;DKI1 Bundaran Hotel Indonesia (HI);55;86;40;13;15;30;86;PM25;SEDANG
202510;10;8;DKI1 Bundaran Hotel Indonesia (HI);48;78;35;20;17;37;78;PM25;SEDANG
202510;10;9;DKI1 Bundaran Hotel Indonesia (HI);53;91;36;17;22;41;91;PM25;SEDANG
202510;10;10;DKI1 Bundaran Hotel Indonesia (HI);53;82;36;13;22;38;82;PM25;SEDANG
202510;10;11;DKI1 Bundaran Hotel Indonesia (HI);56;95;33;16;21;41;95;PM25;SEDANG
202510;10;12;DKI1 Bundaran Hotel Indonesia (HI);56;100;34;16;20;30;100;PM25;SEDANG
202510;10;13;DKI1 Bundaran Hotel Indonesia (HI);52;83;37;11;19;25;83;PM25;SEDANG
202510;10;14;DKI1 Bundaran Hotel Indonesia (HI);53;86;37;16;12;36;86;PM25;SEDANG
202510;10;15;DKI1 Bundaran Hotel Indonesia (HI);48;79;36;13;12;34;79;PM25;SEDANG
202510;10;16;DKI1 Bundaran Hotel Indonesia (HI);50;85;34;15;14;34;85;PM25;SEDANG
202510;10;17;DKI1 Bundaran Hotel Indonesia (HI);59;99;33;23;17;50;99;PM25;SEDANG
202510;10;18;DKI1 Bundaran Hotel Indonesia (HI);52;81;30;17;19;43;81;PM25;SEDANG
202510;10;19;DKI1 Bundaran Hotel Indonesia (HI);58;96;29;28;20;43;96;PM25;SEDANG
202510;10;20;DKI1 Bundaran Hotel Indonesia (HI);62;102;32;18;27;42;102;PM25;TIDAK SEHAT
202510;10;21;DKI1 Bundaran Hotel Indonesia (HI);57;91;30;18;19;42;91;PM25;SEDANG
202510;10;22;DKI1 Bundaran Hotel Indonesia (HI);47;71;34;15;16;30;71;PM25;SEDANG
202510;10;23;DKI1 Bundaran Hotel Indonesia (HI);36;59;29;13;12;28;59;PM25;SEDANG
202510;10;24;DKI1 Bundaran Hotel Indonesia (HI);27;56;28;15;9;22;56;PM25;SEDANG
202510;10;25;DKI1 Bundaran Hotel Indonesia (HI);22;53;32;14;8;16;53;PM25;SEDANG
202510;10;26;DKI1 Bundaran Hotel Indonesia (HI);34;64;30;16;14;22;64;PM25;SEDANG
202510;10;27;DKI1 Bundaran Hotel Indonesia (HI);38;65;30;17;22;29;65;PM25;SEDANG
202510;10;28;DKI1 Bundaran Hotel Indonesia (HI);52;73;31;24;16;42;73;PM25;SEDANG
202510;10;29;DKI1 Bundaran Hotel Indonesia (HI);53;81;35;20;16;39;81;PM25;SEDANG
202510;10;30;DKI1 Bundaran Hotel Indonesia (HI);49;71;33;22;16;40;71;PM25;SEDANG
202510;10;31;DKI1 Bundaran Hotel Indonesia (HI);44;73;32;25;19;35;73;PM25;SEDANG
202511;11;1;DKI1 Bundaran Hotel Indonesia (HI);50;77;30;20;22;39;77;PM25;SEDANG
202511;11;2;DKI1 Bundaran Hotel Indonesia (HI);43;75;34;16;20;32;75;PM25;SEDANG
202511;11;3;DKI1 Bundaran Hotel Indonesia (HI);42;71;31;16;17;34;71;PM25;SEDANG
202511;11;4;DKI1 Bundaran Hotel Indonesia (HI);54;84;32;27;15;44;84;PM25;SEDANG
202511;11;5;DKI1 Bundaran Hotel Indonesia (HI);34;58;29;13;12;20;58;PM25;SEDANG
202511;11;6;DKI1 Bundaran Hotel Indonesia (HI);22;45;29;9;14;14;45;PM25;BAIK
202511;11;7;DKI1 Bundaran Hotel Indonesia (HI);21;48;31;11;13;19;48;PM25;BAIK
202511;11;8;DKI1 Bundaran Hotel Indonesia (HI);25;54;31;11;10;18;54;PM25;SEDANG
202511;11;9;DKI1 Bundaran Hotel Indonesia (HI);25;52;29;11;15;14;52;PM25;SEDANG
202511;11;10;DKI1 Bundaran Hotel Indonesia (HI);21;50;31;9;18;15;50;PM25;BAIK
202511;11;11;DKI1 Bundaran Hotel Indonesia (HI);23;47;31;9;17;14;47;PM25;BAIK
202511;11;12;DKI1 Bundaran Hotel Indonesia (HI);21;41;31;10;12;16;41;PM25;BAIK
202511;11;13;DKI1 Bundaran Hotel Indonesia (HI);16;38;30;10;12;14;38;PM25;BAIK
202511;11;14;DKI1 Bundaran Hotel Indonesia (HI);22;41;30;12;10;16;41;PM25;BAIK
202511;11;15;DKI1 Bundaran Hotel Indonesia (HI);24;58;31;12;13;18;58;PM25;SEDANG
202511;11;16;DKI1 Bundaran Hotel Indonesia (HI);28;55;30;12;14;17;55;PM25;SEDANG
202511;11;17;DKI1 Bundaran Hotel Indonesia (HI);25;52;32;10;11;14;52;PM25;SEDANG
202511;11;18;DKI1 Bundaran Hotel Indonesia (HI);23;53;34;12;9;20;53;PM25;SEDANG
202511;11;19;DKI1 Bundaran Hotel Indonesia (HI);51;75;35;30;12;38;75;PM25;SEDANG
202511;11;20;DKI1 Bundaran Hotel Indonesia (HI);30;59;33;14;13;23;59;PM25;SEDANG
202511;11;21;DKI1 Bundaran Hotel Indonesia (HI);25;50;32;13;13;22;50;PM25;BAIK
202511;11;22;DKI1 Bundaran Hotel Indonesia (HI);39;70;40;15;18;23;70;PM25;SEDANG
202511;11;23;DKI1 Bundaran Hotel Indonesia (HI);51;71;32;18;13;22;71;PM25;SEDANG
202511;11;24;DKI1 Bundaran Hotel Indonesia (HI);30;57;31;13;12;21;57;PM25;SEDANG
202511;11;25;DKI1 Bundaran Hotel Indonesia (HI);26;58;32;13;16;23;58;PM25;SEDANG
202511;11;26;DKI1 Bundaran Hotel Indonesia (HI);30;61;33;13;12;20;61;PM25;SEDANG
202511;11;27;DKI1 Bundaran Hotel Indonesia (HI);30;64;35;14;18;26;64;PM25;SEDANG
202511;11;28;DKI1 Bundaran Hotel Indonesia (HI);N/A;120;43;16;23;32;120;PM25;TIDAK SEHAT
202511;11;29;DKI1 Bundaran Hotel Indonesia (HI);52;79;40;15;22;28;79;PM25;SEDANG
202511;11;30;DKI1 Bundaran Hotel Indonesia (HI);59;88;35;15;16;33;88;PM25;SEDANG
